{
  "ok": true,
  "num_train": 28,
  "num_eval": 85,
  "confusion_matrix": {
    "tp": 14,
    "fp": 0,
    "tn": 31,
    "fn": 40
  },
  "precision": 1.0,
  "recall": 0.25925925925925924,
  "f1": 0.4117647058823529,
  "false_positive_rate": 0.0,
  "true_negative_rate": 1.0,
  "accuracy": 0.5294117647058824,
  "roc_auc": 0.6308243727598566,
  "pr_auc": 0.799066916520188,
  "curves": {
    "pr": {
      "precision": [
        0.6352941176470588,
        0.6309523809523809,
        0.6265060240963856,
        0.6125,
        0.6025641025641025,
        0.6103896103896104,
        0.618421052631579,
        0.6266666666666667,
        0.6216216216216216,
        0.6164383561643836,
        0.6111111111111112,
        0.6056338028169014,
        0.6142857142857143,
        0.6086956521739131,
        0.6176470588235294,
        0.6268656716417911,
        0.6363636363636364,
        0.6507936507936508,
        0.6612903225806451,
        0.6610169491525424,
        0.6551724137931034,
        0.6666666666666666,
        0.6785714285714286,
        0.6909090909090909,
        0.7037037037037037,
        0.7169811320754716,
        0.7115384615384616,
        0.7254901960784313,
        0.74,
        0.7551020408163265,
        0.75,
        0.7446808510638298,
        0.7608695652173914,
        0.7555555555555555,
        0.75,
        0.7674418604651163,
        0.7692307692307693,
        0.7575757575757576,
        0.78125,
        0.8064516129032258,
        0.8,
        0.8275862068965517,
        0.8214285714285714,
        0.8148148148148148,
        0.8076923076923077,
        0.8,
        0.7916666666666666,
        0.8260869565217391,
        0.8095238095238095,
        0.8,
        0.8421052631578947,
        0.8333333333333334,
        0.8823529411764706,
        0.9375,
        1.0,
        1.0,
        1.0,
        1.0,
        1.0,
        1.0,
        1.0
      ],
      "recall": [
        1.0,
        0.9814814814814815,
        0.9629629629629629,
        0.9074074074074074,
        0.8703703703703703,
        0.8703703703703703,
        0.8703703703703703,
        0.8703703703703703,
        0.8518518518518519,
        0.8333333333333334,
        0.8148148148148148,
        0.7962962962962963,
        0.7962962962962963,
        0.7777777777777778,
        0.7777777777777778,
        0.7777777777777778,
        0.7777777777777778,
        0.7592592592592593,
        0.7592592592592593,
        0.7222222222222222,
        0.7037037037037037,
        0.7037037037037037,
        0.7037037037037037,
        0.7037037037037037,
        0.7037037037037037,
        0.7037037037037037,
        0.6851851851851852,
        0.6851851851851852,
        0.6851851851851852,
        0.6851851851851852,
        0.6666666666666666,
        0.6481481481481481,
        0.6481481481481481,
        0.6296296296296297,
        0.6111111111111112,
        0.6111111111111112,
        0.5555555555555556,
        0.46296296296296297,
        0.46296296296296297,
        0.46296296296296297,
        0.4444444444444444,
        0.4444444444444444,
        0.42592592592592593,
        0.4074074074074074,
        0.3888888888888889,
        0.37037037037037035,
        0.35185185185185186,
        0.35185185185185186,
        0.3148148148148148,
        0.2962962962962963,
        0.2962962962962963,
        0.2777777777777778,
        0.2777777777777778,
        0.2777777777777778,
        0.2777777777777778,
        0.25925925925925924,
        0.24074074074074073,
        0.2222222222222222,
        0.2037037037037037,
        0.18518518518518517,
        0.0
      ]
    },
    "roc": {
      "fpr": [
        0.0,
        0.0,
        0.0,
        0.0967741935483871,
        0.0967741935483871,
        0.12903225806451613,
        0.12903225806451613,
        0.12903225806451613,
        0.16129032258064516,
        0.16129032258064516,
        0.1935483870967742,
        0.1935483870967742,
        0.25806451612903225,
        0.2903225806451613,
        0.3225806451612903,
        0.3548387096774194,
        0.3548387096774194,
        0.3870967741935484,
        0.3870967741935484,
        0.4838709677419355,
        0.4838709677419355,
        0.6451612903225806,
        0.6451612903225806,
        0.6774193548387096,
        0.7096774193548387,
        0.7741935483870968,
        0.8709677419354839,
        0.8709677419354839,
        0.9032258064516129,
        0.9032258064516129,
        1.0,
        1.0,
        1.0,
        1.0
      ],
      "tpr": [
        0.0,
        0.18518518518518517,
        0.2777777777777778,
        0.2777777777777778,
        0.2962962962962963,
        0.2962962962962963,
        0.3148148148148148,
        0.35185185185185186,
        0.35185185185185186,
        0.4444444444444444,
        0.4444444444444444,
        0.46296296296296297,
        0.46296296296296297,
        0.5555555555555556,
        0.6111111111111112,
        0.6111111111111112,
        0.6481481481481481,
        0.6481481481481481,
        0.6851851851851852,
        0.6851851851851852,
        0.7037037037037037,
        0.7037037037037037,
        0.7222222222222222,
        0.7592592592592593,
        0.7592592592592593,
        0.7777777777777778,
        0.7777777777777778,
        0.7962962962962963,
        0.7962962962962963,
        0.8703703703703703,
        0.8703703703703703,
        0.9074074074074074,
        0.9629629629629629,
        1.0
      ]
    }
  },
  "threshold": 0.24156941923132738,
  "threshold_quantile": 0.995,
  "metrics_at_internal": {
    "precision": 0.6612903225806451,
    "recall": 0.7592592592592593,
    "f1": 0.7068965517241378,
    "false_positive_rate": 0.6774193548387096,
    "true_negative_rate": 0.3225806451612903,
    "accuracy": 0.6,
    "confusion_matrix": {
      "tp": 41,
      "fp": 21,
      "tn": 10,
      "fn": 13
    }
  },
  "feature_cols": [
    "trace_count",
    "trace_total_spans",
    "trace_http_5xx_spans",
    "trace_unique_services",
    "trace_unique_span_names",
    "log_error_count",
    "log_total_lines",
    "log_error_ratio",
    "frontend_error_count",
    "checkout_error_count",
    "recommendation_error_count",
    "product_catalog_error_count",
    "payment_error_count",
    "metrics_series_len",
    "req_rate_sum"
  ],
  "feature_importances": null,
  "feature_importances_ranked": null,
  "features_csv": "/home/redhat/git/LFEdge/AIOps/research/anomaly_detection/performance_comparison/out/features_20260120225354.csv"
}