{
  "correlation_by_timestamp": {
    "latency_s": 0.012047767639160156,
    "rows": 0
  },
  "correlation_by_trace_id": {
    "latency_s": 0.006056070327758789,
    "rows": 0
  },
  "logs_errors_by_service": {
    "latency_s": 0.12945818901062012,
    "rows": 1
  },
  "logs_recent": {
    "latency_s": 0.1524498462677002,
    "rows": 100
  },
  "logs_search_error": {
    "latency_s": 0.1249852180480957,
    "rows": 73
  },
  "metrics_by_service_hourly": {
    "latency_s": 0.004914999008178711,
    "rows": 1
  },
  "metrics_p95_latency": {
    "latency_s": 0.004039287567138672,
    "rows": 1
  },
  "sla_latency_compliance": {
    "latency_s": 0.0031256675720214844,
    "rows": 1
  },
  "spans_error_by_service": {
    "latency_s": 0.015338897705078125,
    "rows": 0
  },
  "trace_by_id": {
    "latency_s": 0.0029664039611816406,
    "rows": 0
  },
  "traces_slow_by_service": {
    "latency_s": 0.003608226776123047,
    "rows": 0
  }
}