{
  "correlation_by_timestamp": {
    "latency_s": 0.5060451030731201,
    "rows": 20
  },
  "correlation_by_trace_id": {
    "latency_s": 0.46298837661743164,
    "rows": 0
  },
  "logs_errors_by_service": {
    "latency_s": 0.775937557220459,
    "rows": 1
  },
  "logs_recent": {
    "latency_s": 0.7220253944396973,
    "rows": 100
  },
  "logs_search_error": {
    "latency_s": 1.0211730003356934,
    "rows": 100
  },
  "metrics_by_service_hourly": {
    "latency_s": 0.3451874256134033,
    "rows": 2
  },
  "metrics_p95_latency": {
    "latency_s": 0.3278229236602783,
    "rows": 1
  },
  "sla_latency_compliance": {
    "latency_s": 0.35761117935180664,
    "rows": 1
  },
  "spans_error_by_service": {
    "latency_s": 0.3646581172943115,
    "rows": 0
  },
  "trace_by_id": {
    "latency_s": 0.34729790687561035,
    "rows": 8
  },
  "traces_slow_by_service": {
    "latency_s": 0.38139986991882324,
    "rows": 0
  }
}