{
  "correlation_by_timestamp": {
    "latency_s": 0.015631675720214844,
    "rows": 20
  },
  "correlation_by_trace_id": {
    "latency_s": 0.006018400192260742,
    "rows": 0
  },
  "logs_errors_by_service": {
    "latency_s": 0.15256309509277344,
    "rows": 1
  },
  "logs_recent": {
    "latency_s": 0.10995149612426758,
    "rows": 100
  },
  "logs_search_error": {
    "latency_s": 0.12897443771362305,
    "rows": 73
  },
  "metrics_by_service_hourly": {
    "latency_s": 0.007645606994628906,
    "rows": 1
  },
  "metrics_p95_latency": {
    "latency_s": 0.0038924217224121094,
    "rows": 1
  },
  "sla_latency_compliance": {
    "latency_s": 0.004948616027832031,
    "rows": 1
  },
  "spans_error_by_service": {
    "latency_s": 0.02828216552734375,
    "rows": 2
  },
  "trace_by_id": {
    "latency_s": 0.0066509246826171875,
    "rows": 4
  },
  "traces_slow_by_service": {
    "latency_s": 0.004368305206298828,
    "rows": 0
  }
}