{
  "correlation_by_timestamp": {
    "latency_s": 0.7058131694793701,
    "rows": 20
  },
  "correlation_by_trace_id": {
    "latency_s": 0.3475916385650635,
    "rows": 0
  },
  "logs_errors_by_service": {
    "latency_s": 0.673438549041748,
    "rows": 1
  },
  "logs_recent": {
    "latency_s": 0.6235940456390381,
    "rows": 100
  },
  "logs_search_error": {
    "latency_s": 0.8071784973144531,
    "rows": 73
  },
  "metrics_by_service_hourly": {
    "latency_s": 0.5068984031677246,
    "rows": 1
  },
  "metrics_p95_latency": {
    "latency_s": 0.46968626976013184,
    "rows": 1
  },
  "sla_latency_compliance": {
    "latency_s": 0.4157743453979492,
    "rows": 1
  },
  "spans_error_by_service": {
    "latency_s": 0.4892439842224121,
    "rows": 0
  },
  "trace_by_id": {
    "latency_s": 0.4515700340270996,
    "rows": 4
  },
  "traces_slow_by_service": {
    "latency_s": 0.5109615325927734,
    "rows": 0
  }
}