{
  "correlation_by_timestamp": {
    "latency_s": 0.06347298622131348,
    "rows": 20
  },
  "correlation_by_trace_id": {
    "latency_s": 0.06876564025878906,
    "rows": 20
  },
  "data_volume": {
    "latency_s": 0.004593610763549805,
    "rows": 3
  },
  "logs_errors_by_service": {
    "latency_s": 0.12737774848937988,
    "rows": 13
  },
  "logs_recent": {
    "latency_s": 0.10613346099853516,
    "rows": 100
  },
  "logs_search_error": {
    "latency_s": 0.12857556343078613,
    "rows": 73
  },
  "metrics_by_service_hourly": {
    "latency_s": 0.020860910415649414,
    "rows": 9
  },
  "metrics_p95_latency": {
    "latency_s": 0.017061710357666016,
    "rows": 3
  },
  "sla_latency_compliance": {
    "latency_s": 0.009298563003540039,
    "rows": 1
  },
  "spans_error_by_service": {
    "latency_s": 0.03912711143493652,
    "rows": 2
  },
  "trace_by_id": {
    "latency_s": 0.008857965469360352,
    "rows": 4
  },
  "traces_slow_by_service": {
    "latency_s": 0.011202335357666016,
    "rows": 0
  }
}