{
  "correlation_by_timestamp": {
    "latency_s": 0.530203104019165,
    "rows": 20
  },
  "correlation_by_trace_id": {
    "latency_s": 0.5533738136291504,
    "rows": 20
  },
  "data_volume": {
    "latency_s": 0.5199041366577148,
    "rows": 3
  },
  "logs_errors_by_service": {
    "latency_s": 0.5975573062896729,
    "rows": 13
  },
  "logs_recent": {
    "latency_s": 0.6857686042785645,
    "rows": 100
  },
  "logs_search_error": {
    "latency_s": 0.7057099342346191,
    "rows": 73
  },
  "metrics_by_service_hourly": {
    "latency_s": 0.5089399814605713,
    "rows": 7
  },
  "metrics_p95_latency": {
    "latency_s": 0.5667910575866699,
    "rows": 3
  },
  "sla_latency_compliance": {
    "latency_s": 0.5069489479064941,
    "rows": 1
  },
  "spans_error_by_service": {
    "latency_s": 0.4718658924102783,
    "rows": 2
  },
  "trace_by_id": {
    "latency_s": 0.4876251220703125,
    "rows": 4
  },
  "traces_slow_by_service": {
    "latency_s": 0.5123310089111328,
    "rows": 0
  }
}