{
  "correlation_by_timestamp": {
    "latency_s": 0.14657258987426758,
    "rows": 20
  },
  "correlation_by_trace_id": {
    "latency_s": 0.24121904373168945,
    "rows": 20
  },
  "data_volume": {
    "latency_s": 0.023272991180419922,
    "rows": 3
  },
  "logs_errors_by_service": {
    "latency_s": 0.01611495018005371,
    "rows": 0
  },
  "logs_recent": {
    "latency_s": 0.07274460792541504,
    "rows": 100
  },
  "logs_search_error": {
    "latency_s": 0.5413384437561035,
    "rows": 100
  },
  "metrics_by_service_hourly": {
    "latency_s": 0.02312302589416504,
    "rows": 5
  },
  "metrics_p95_latency": {
    "latency_s": 0.012083292007446289,
    "rows": 2
  },
  "sla_latency_compliance": {
    "latency_s": 0.012624979019165039,
    "rows": 1
  },
  "spans_error_by_service": {
    "latency_s": 0.014178276062011719,
    "rows": 0
  },
  "trace_by_id": {
    "latency_s": 0.014567375183105469,
    "rows": 1
  },
  "traces_slow_by_service": {
    "latency_s": 0.009904623031616211,
    "rows": 0
  }
}