{
  "correlation_by_timestamp": {
    "latency_s": 0.4921760559082031,
    "rows": 20
  },
  "correlation_by_trace_id": {
    "latency_s": 0.4381599426269531,
    "rows": 0
  },
  "logs_errors_by_service": {
    "latency_s": 0.8439412117004395,
    "rows": 1
  },
  "logs_recent": {
    "latency_s": 0.7573423385620117,
    "rows": 100
  },
  "logs_search_error": {
    "latency_s": 1.0050461292266846,
    "rows": 100
  },
  "metrics_by_service_hourly": {
    "latency_s": 0.5178704261779785,
    "rows": 2
  },
  "metrics_p95_latency": {
    "latency_s": 0.537400484085083,
    "rows": 1
  },
  "sla_latency_compliance": {
    "latency_s": 0.4615046977996826,
    "rows": 1
  },
  "spans_error_by_service": {
    "latency_s": 0.5419204235076904,
    "rows": 0
  },
  "trace_by_id": {
    "latency_s": 0.4847447872161865,
    "rows": 8
  },
  "traces_slow_by_service": {
    "latency_s": 0.4623095989227295,
    "rows": 0
  }
}